{
	"class_name" : "PinholeCameraParameters",
	"extrinsic" : 
	[
		-0.58350543755262496,
		-0.49482932161054771,
		0.64394514271090275,
		0.0,
		-0.80646583698727081,
		0.44638334068473173,
		-0.38775606627306258,
		0.0,
		-0.095573312796724957,
		-0.74557753160458362,
		-0.65953004954094063,
		0.0,
		1.8591288694334214,
		-0.26984979705444179,
		7.3960324527717134,
		1.0
	],
	"intrinsic" : 
	{
		"height" : 1024,
		"intrinsic_matrix" : 
		[
			889.40808968661872,
			0.0,
			0.0,
			0.0,
			889.40808968661872,
			0.0,
			511.5,
			511.5,
			1.0
		],
		"width" : 1024
	},
	"version_major" : 1,
	"version_minor" : 0
}