{
	"class_name" : "PinholeCameraParameters",
	"extrinsic" : 
	[
		0.58687126943783041,
		0.59456828608744716,
		-0.54960955803867273,
		0.0,
		0.80435511535110393,
		-0.35039688044194933,
		0.4798279635297038,
		0.0,
		0.092709015294856645,
		-0.72367850552271207,
		-0.68388190437199914,
		0.0,
		-2.0352931817645414,
		-1.5414159189862811,
		9.1070423113616314,
		1.0
	],
	"intrinsic" : 
	{
		"height" : 1024,
		"intrinsic_matrix" : 
		[
			889.40808968661872,
			0.0,
			0.0,
			0.0,
			889.40808968661872,
			0.0,
			511.5,
			511.5,
			1.0
		],
		"width" : 1024
	},
	"version_major" : 1,
	"version_minor" : 0
}