{
	"class_name" : "PinholeCameraParameters",
	"extrinsic" : 
	[
		-0.57936254348299143,
		0.52620360224805041,
		-0.62245386350322751,
		0.0,
		0.80926452866903098,
		0.46235396617671803,
		-0.36238064600465292,
		0.0,
		0.097108011240114783,
		-0.71367960524442198,
		-0.69370847999080709,
		0.0,
		1.5457088944612591,
		-3.1636663036208645,
		10.393931231507333,
		1.0
	],
	"intrinsic" : 
	{
		"height" : 1024,
		"intrinsic_matrix" : 
		[
			889.40808968661872,
			0.0,
			0.0,
			0.0,
			889.40808968661872,
			0.0,
			511.5,
			511.5,
			1.0
		],
		"width" : 1024
	},
	"version_major" : 1,
	"version_minor" : 0
}