{
	"class_name" : "PinholeCameraParameters",
	"extrinsic" : 
	[
		-0.43642164189181915,
		0.44472647324118153,
		-0.78214737389248423,
		0.0,
		0.8728136507081401,
		-0.0018267696176937909,
		-0.4880501962403998,
		0.0,
		-0.21847764559784533,
		-0.89566457276774358,
		-0.38736609488027957,
		0.0,
		1.9894249983234749,
		-2.5733185604885538,
		8.5607964358047965,
		1.0
	],
	"intrinsic" : 
	{
		"height" : 1024,
		"intrinsic_matrix" : 
		[
			886.81001347526535,
			0.0,
			0.0,
			0.0,
			886.81001347526535,
			0.0,
			511.5,
			511.5,
			1.0
		],
		"width" : 1024
	},
	"version_major" : 1,
	"version_minor" : 0
}