{
	"class_name" : "PinholeCameraParameters",
	"extrinsic" : 
	[
		0.49694752393552077,
		-0.67537404578077254,
		0.54489729008324683,
		0.0,
		-0.85774658865085529,
		-0.28707870978881989,
		0.42644648438439164,
		0.0,
		-0.1315824764631508,
		-0.67930531623983159,
		-0.72196283783594206,
		0.0,
		-1.8166312555161359,
		0.1476772483707216,
		5.3889565689091778,
		1.0
	],
	"intrinsic" : 
	{
		"height" : 1024,
		"intrinsic_matrix" : 
		[
			889.40808968661872,
			0.0,
			0.0,
			0.0,
			889.40808968661872,
			0.0,
			511.5,
			511.5,
			1.0
		],
		"width" : 1024
	},
	"version_major" : 1,
	"version_minor" : 0
}