{
	"class_name" : "PinholeCameraParameters",
	"extrinsic" : 
	[
		0.51062267310581777,
		-0.57511687839154246,
		0.63914400716852304,
		0.0,
		-0.84642801761994213,
		-0.20562190293025118,
		0.49120183633952075,
		0.0,
		-0.15107645977532067,
		-0.79180818966749156,
		-0.59179024500007249,
		0.0,
		0.26382193088347605,
		0.58317088260751149,
		5.1696828242847017,
		1.0
	],
	"intrinsic" : 
	{
		"height" : 1024,
		"intrinsic_matrix" : 
		[
			889.40808968661872,
			0.0,
			0.0,
			0.0,
			889.40808968661872,
			0.0,
			511.5,
			511.5,
			1.0
		],
		"width" : 1024
	},
	"version_major" : 1,
	"version_minor" : 0
}