{
	"class_name" : "PinholeCameraParameters",
	"extrinsic" : 
	[
		-0.58109285962713231,
		-0.40740572525974295,
		0.70452229454854365,
		0.0,
		-0.80796285269896329,
		0.39261912219648853,
		-0.43937029205922923,
		0.0,
		-0.097606952359529764,
		-0.82454278234136624,
		-0.55731686044820394,
		0.0,
		-0.39217113324767755,
		0.60337344013768113,
		4.5163269031177657,
		1.0
	],
	"intrinsic" : 
	{
		"height" : 1500,
		"intrinsic_matrix" : 
		[
			889.40808968661884,
			0.0,
			0.0,
			0.0,
			889.40808968661884,
			0.0,
			749.5,
			749.5,
			1.0
		],
		"width" : 1500
	},
	"version_major" : 1,
	"version_minor" : 0
}